"group_id","unit_id","group_title","complexity_band","reference_scope","transcript_anchors","unit_exit_task","priority","atomization_status","atomic_target_ids","leaf_source_refs","fact_review_status","teaching_contract_status","skill_exit_status","work_package","notes"
"K001","U01","词类与职能","1","CGEL-1;CGEL-2;CGEL-4","C01;C07;C08;C12","说明自己项目里谁对什么做了什么","full_scope","pending","","","pending","pending","pending","W1",""
"K002","U01","短语中心和边界","1","CGEL-1;CGEL-2;CGEL-4","C01;C07;C08;C12","说明自己项目里谁对什么做了什么","full_scope","pending","","","pending","pending","pending","W1",""
"K003","U01","分句主干与参与者","1","CGEL-1;CGEL-2;CGEL-4","C01;C07;C08;C12","说明自己项目里谁对什么做了什么","full_scope","pending","","","pending","pending","pending","W1",""
"K004","U02","音素对比和词典音频","1","PH","P03;C02;C04","辨认陌生说话者读出的已知词","full_scope","pending","","","pending","pending","pending","W1",""
"K005","U02","音节重音与拼写线索","1","PH","P03;C02;C04","辨认陌生说话者读出的已知词","full_scope","pending","","","pending","pending","pending","W1",""
"K006","U02","声音到含义匹配","1","PH","P03;C02;C04","辨认陌生说话者读出的已知词","full_scope","pending","","","pending","pending","pending","W1",""
"K007","U03","弱读连读省音","1","PH","C02","无字幕跟住短对话并定位漏听处","first_path","partial_draft","O-K007-01;O-K007-02;O-K007-03","17:G5;17:C1;17:T","partial_claim_checked","draft_in_18","draft_unvalidated","W1","首批3条目标见17；材料见18；父组未完成细则对账/音频/人审/试学，不能标verified。"
"K008","U03","语调分组与句重音","1","PH","C02","无字幕跟住短对话并定位漏听处","full_scope","pending","","","pending","pending","pending","W1",""
"K009","U03","缩约形式和词界","1","PH","C02","无字幕跟住短对话并定位漏听处","full_scope","pending","","","pending","pending","pending","W1",""
"K010","U04","及物与不及物","1","CGEL-4","C10;C12","选用give、explain、put等不同结构","full_scope","pending","","","pending","pending","pending","W1",""
"K011","U04","系词和宾语补足","1","CGEL-4","C10;C12","选用give、explain、put等不同结构","full_scope","pending","","","pending","pending","pending","W1",""
"K012","U04","双宾语与必需介词补足","1","CGEL-4","C10;C12","选用give、explain、put等不同结构","full_scope","pending","","","pending","pending","pending","W1",""
"K013","U05","可数性及语境转义","1","CGEL-5","C07;C08","说清设备材料数据费用","full_scope","pending","","","pending","pending","pending","W1",""
"K014","U05","单复数集合与度量","1","CGEL-5","C07;C08","说清设备材料数据费用","full_scope","pending","","","pending","pending","pending","W1",""
"K015","U05","部分量数词和数量表达","1","CGEL-5","C07;C08","说清设备材料数据费用","full_scope","pending","","","pending","pending","pending","W1",""
"K016","U06","a/the/零冠词","1","CGEL-5","C08","介绍并再次指回某个项目","full_scope","pending","","","pending","pending","pending","W1",""
"K017","U06","泛指特指类指","1","CGEL-5","C08","介绍并再次指回某个项目","full_scope","pending","","","pending","pending","pending","W1",""
"K018","U06","限定词量词组合和范围","1","CGEL-5","C08","介绍并再次指回某个项目","full_scope","pending","","","pending","pending","pending","W1",""
"K019","U07","人称格与物主形式","1","CGEL-5;CGEL-17","C07;C08;C18","跨句追踪人物及所属关系","full_scope","pending","","","pending","pending","pending","W1",""
"K020","U07","反身相互和强调","1","CGEL-5;CGEL-17","C07;C08;C18","跨句追踪人物及所属关系","full_scope","pending","","","pending","pending","pending","W1",""
"K021","U07","指示不定代词与单数they","1","CGEL-5;CGEL-17","C07;C08;C18","跨句追踪人物及所属关系","full_scope","pending","","","pending","pending","pending","W1",""
"K022","U08","限定与非限定动词组","1","CGEL-3;CGEL-18","C07;C09","保留必要动词信息并辨认谓语动词组","full_scope","pending","","","pending","pending","pending","W1",""
"K023","U08","一致及规则词尾","1","CGEL-3;CGEL-18","C07;C09","保留必要动词信息并辨认谓语动词组","full_scope","pending","","","pending","pending","pending","W1",""
"K024","U08","不规则变化与助动词位置","1","CGEL-3;CGEL-18","C07;C09","保留必要动词信息并辨认谓语动词组","full_scope","pending","","","pending","pending","pending","W1",""
"K025","U09","形容词位置与表语","1","CGEL-6","C08;C12","描述装置外观功能和适用对象","full_scope","pending","","","pending","pending","pending","W1",""
"K026","U09","补足与可分级性","1","CGEL-6","C08;C12","描述装置外观功能和适用对象","full_scope","pending","","","pending","pending","pending","W1",""
"K027","U09","多修饰语顺序和范围","1","CGEL-6","C08;C12","描述装置外观功能和适用对象","full_scope","pending","","","pending","pending","pending","W1",""
"K028","U10","形副区别与同形","1","CGEL-6;CGEL-8","C07;C08;C12","区分说话者判断与动作方式","full_scope","pending","","","pending","pending","pending","W1",""
"K029","U10","方式频率程度位置","1","CGEL-6;CGEL-8","C07;C08;C12","区分说话者判断与动作方式","full_scope","pending","","","pending","pending","pending","W1",""
"K030","U10","句子副词和焦点副词","1","CGEL-6;CGEL-8","C07;C08;C12","区分说话者判断与动作方式","full_scope","pending","","","pending","pending","pending","W1",""
"K031","U11","空间路径时间","1","CGEL-7","C06;C08","说明路线安排及依赖关系","full_scope","pending","","","pending","pending","pending","W1",""
"K032","U11","介词补足及固定关系","1","CGEL-7","C06;C08","说明路线安排及依赖关系","full_scope","pending","","","pending","pending","pending","W1",""
"K033","U11","小品词与介词","1","CGEL-7","C06;C08","说明路线安排及依赖关系","full_scope","pending","","","pending","pending","pending","W1",""
"K034","U12","倒装与do支撑","1","CGEL-9;CGEL-10","C12;C16","询问并核对别人做了什么","full_scope","pending","","","pending","pending","pending","W1",""
"K035","U12","主语问句和选择问句","1","CGEL-9;CGEL-10","C12;C16","询问并核对别人做了什么","full_scope","pending","","","pending","pending","pending","W1",""
"K036","U12","否定短答和否定祈使","1","CGEL-9;CGEL-10","C12;C16","询问并核对别人做了什么","full_scope","pending","","","pending","pending","pending","W1",""
"K037","U13","一般现在","2","CGEL-3","C10;C11","说明长期方向与当前工作","full_scope","pending","","","pending","pending","pending","W1",""
"K038","U13","进行体的取景","2","CGEL-3","C10;C11","说明长期方向与当前工作","full_scope","pending","","","pending","pending","pending","W1",""
"K039","U13","状态动词的语境读法","2","CGEL-3","C10;C11","说明长期方向与当前工作","full_scope","pending","","","pending","pending","pending","W1",""
"K040","U14","一次与重复的过去事件","2","CGEL-3","C11","讲一次项目失败及背景","full_scope","pending","","","pending","pending","pending","W1",""
"K041","U14","过去进行与背景","2","CGEL-3","C11","讲一次项目失败及背景","full_scope","pending","","","pending","pending","pending","W1",""
"K042","U14","used to和would","2","CGEL-3","C11","讲一次项目失败及背景","full_scope","pending","","","pending","pending","pending","W1",""
"K043","U15","will与going to","2","CGEL-3","C11","区分安排预测承诺和临时决定","full_scope","pending","","","pending","pending","pending","W1",""
"K044","U15","现在形式谈未来","2","CGEL-3","C11","区分安排预测承诺和临时决定","full_scope","pending","","","pending","pending","pending","W1",""
"K045","U15","将来进行和be to/about to","2","CGEL-3","C11","区分安排预测承诺和临时决定","full_scope","pending","","","pending","pending","pending","W1",""
"K046","U16","现在完成经验与结果","2","CGEL-3","C11","回答做过什么多久以及何时做","full_scope","pending","","","pending","pending","pending","W1",""
"K047","U16","持续状态for/since","2","CGEL-3","C11","回答做过什么多久以及何时做","full_scope","pending","","","pending","pending","pending","W1",""
"K048","U16","完成与已结束过去时间","2","CGEL-3","C11","回答做过什么多久以及何时做","full_scope","pending","","","pending","pending","pending","W1",""
"K049","U17","完成简单与完成进行","2","CGEL-3","C11","汇报结果数量过程与先后","full_scope","pending","","","pending","pending","pending","W1",""
"K050","U17","过去完成","2","CGEL-3","C11","汇报结果数量过程与先后","full_scope","pending","","","pending","pending","pending","W1",""
"K051","U17","将来完成及持续到未来","2","CGEL-3","C11","汇报结果数量过程与先后","full_scope","pending","","","pending","pending","pending","W1",""
"K052","U18","叙事锚点","2","CGEL-3;CGEL-11","C11","让听者复原项目经过","full_scope","pending","","","pending","pending","pending","W1",""
"K053","U18","过去视角的将来","2","CGEL-3;CGEL-11","C11","让听者复原项目经过","full_scope","pending","","","pending","pending","pending","W1",""
"K054","U18","时态配合和历史现在","2","CGEL-3;CGEL-11","C11","让听者复原项目经过","full_scope","pending","","","pending","pending","pending","W1",""
"K055","U19","can与be able to","2","CGEL-3","C14;C17","分清不能无需必须和最好","full_scope","pending","","","pending","pending","pending","W1",""
"K056","U19","must/have to/need及否定","2","CGEL-3","C14;C17","分清不能无需必须和最好","full_scope","pending","","","pending","pending","pending","W1",""
"K057","U19","should/ought to/had better","2","CGEL-3","C14;C17","分清不能无需必须和最好","full_scope","pending","","","pending","pending","pending","W1",""
"K058","U20","情态推断","2","CGEL-3","C17","讨论AI结果可信度","full_scope","pending","","","pending","pending","pending","W1",""
"K059","U20","不确定与不可能","2","CGEL-3","C17","讨论AI结果可信度","full_scope","pending","","","pending","pending","pending","W1",""
"K060","U20","立场强度与程度副词","2","CGEL-3","C17","讨论AI结果可信度","full_scope","pending","","","pending","pending","pending","W1",""
"K061","U21","情态完成","2","CGEL-3","C17","解释当时可能发生和应采取的行动","full_scope","pending","","","pending","pending","pending","W1",""
"K062","U21","本可本应与事实","2","CGEL-3","C17","解释当时可能发生和应采取的行动","full_scope","pending","","","pending","pending","pending","W1",""
"K063","U21","情态进行完成被动组合","2","CGEL-3","C17","解释当时可能发生和应采取的行动","full_scope","pending","","","pending","pending","pending","W1",""
"K064","U22","礼貌请求","2","CGEL-10;PH","C12;C17","请老师解释并确认理解","full_scope","pending","","","pending","pending","pending","W1",""
"K065","U22","反意回声负问句","2","CGEL-10;PH","C12;C17","请老师解释并确认理解","full_scope","pending","","","pending","pending","pending","W1",""
"K066","U22","祈使感叹祝愿与语调","2","CGEL-10;PH","C12;C17","请老师解释并确认理解","full_scope","pending","","","pending","pending","pending","W1",""
"K067","U23","主动被动语义角色","2","CGEL-3;CGEL-4;CGEL-16","C14","说明装置如何使用和损坏","full_scope","pending","","","pending","pending","pending","W1",""
"K068","U23","被动和施事省略","2","CGEL-3;CGEL-4;CGEL-16","C14","说明装置如何使用和损坏","full_scope","pending","","","pending","pending","pending","W1",""
"K069","U23","动作被动与状态","2","CGEL-3;CGEL-4;CGEL-16","C14","说明装置如何使用和损坏","full_scope","pending","","","pending","pending","pending","W1",""
"K070","U24","双宾语介词get被动","2","CGEL-3;CGEL-4;CGEL-16","C14","保留含义与焦点改写研究说明","full_scope","pending","","","pending","pending","pending","W1",""
"K071","U24","复合动词组的被动","2","CGEL-3;CGEL-4;CGEL-16","C14","保留含义与焦点改写研究说明","full_scope","pending","","","pending","pending","pending","W1",""
"K072","U24","报道被动和自然度边界","2","CGEL-3;CGEL-4;CGEL-16","C14","保留含义与焦点改写研究说明","full_scope","pending","","","pending","pending","pending","W1",""
"K073","U25","词短语分句并列","3","CGEL-15;CGEL-20","C15;C18","把观点连成有逻辑的表达","full_scope","pending","","","pending","pending","pending","W1",""
"K074","U25","连词与连接副词","3","CGEL-15;CGEL-20","C15;C18","把观点连成有逻辑的表达","full_scope","pending","","","pending","pending","pending","W1",""
"K075","U25","协调范围标点和共享成分","3","CGEL-15;CGEL-20","C15;C18","把观点连成有逻辑的表达","full_scope","pending","","","pending","pending","pending","W1",""
"K076","U26","ing事件与to结构","3","CGEL-14","C13","谈活动计划及避免的行为","full_scope","pending","","","pending","pending","pending","W1",""
"K077","U26","动词名词化与非限定分句","3","CGEL-14","C13","谈活动计划及避免的行为","full_scope","pending","","","pending","pending","pending","W1",""
"K078","U26","非限定主语与否定范围","3","CGEL-14","C13","谈活动计划及避免的行为","full_scope","pending","","","pending","pending","pending","W1",""
"K079","U27","只接ing或to","3","CGEL-4;CGEL-14","C03;C06;C13","按语境和用法选择补足","full_scope","pending","","","pending","pending","pending","W1",""
"K080","U27","两者异同及stop/remember/try","3","CGEL-4;CGEL-14","C03;C06;C13","按语境和用法选择补足","full_scope","pending","","","pending","pending","pending","W1",""
"K081","U27","介词to与不定式to","3","CGEL-4;CGEL-14","C03;C06;C13","按语境和用法选择补足","full_scope","pending","","","pending","pending","pending","W1",""
"K082","U28","宾语加不定式","3","CGEL-4;CGEL-14","C13","理解promise/ask/seem等不同参与者","full_scope","pending","","","pending","pending","pending","W1",""
"K083","U28","控制与提升","3","CGEL-4;CGEL-14","C13","理解promise/ask/seem等不同参与者","full_scope","pending","","","pending","pending","pending","W1",""
"K084","U28","感官使役裸不定式和被动","3","CGEL-4;CGEL-14","C13","理解promise/ask/seem等不同参与者","full_scope","pending","","","pending","pending","pending","W1",""
"K085","U29","完成进行被动不定式","3","CGEL-14","C13","解释设计目的及结果","full_scope","pending","","","pending","pending","pending","W1",""
"K086","U29","for主语及wh不定式","3","CGEL-14","C13","解释设计目的及结果","full_scope","pending","","","pending","pending","pending","W1",""
"K087","U29","目的结果与名形补足","3","CGEL-14","C13","解释设计目的及结果","full_scope","pending","","","pending","pending","pending","W1",""
"K088","U30","分词修饰","3","CGEL-14","C13;C18","压缩事件并保持施受关系","full_scope","pending","","","pending","pending","pending","W1",""
"K089","U30","附加语逻辑主语","3","CGEL-14","C13;C18","压缩事件并保持施受关系","full_scope","pending","","","pending","pending","pending","W1",""
"K090","U30","完成被动分词与悬垂","3","CGEL-14","C13;C18","压缩事件并保持施受关系","full_scope","pending","","","pending","pending","pending","W1",""
"K091","U31","独立主格及with结构","3","CGEL-14","C18","按清晰度选择展开或压缩","full_scope","pending","","","pending","pending","pending","W1",""
"K092","U31","无动词附加语","3","CGEL-14","C18","按清晰度选择展开或压缩","full_scope","pending","","","pending","pending","pending","W1",""
"K093","U31","与完整从句的替换边界","3","CGEL-14","C18","按清晰度选择展开或压缩","full_scope","pending","","","pending","pending","pending","W1",""
"K094","U32","that从句的位置","3","CGEL-11","C15","区分外层主张与内层事实","full_scope","pending","","","pending","pending","pending","W1",""
"K095","U32","引导词省略","3","CGEL-11","C15","区分外层主张与内层事实","full_scope","pending","","","pending","pending","pending","W1",""
"K096","U32","内容作主宾表","3","CGEL-11","C15","区分外层主张与内层事实","full_scope","pending","","","pending","pending","pending","W1",""
"K097","U33","嵌入问句语序","3","CGEL-11","C15;C16","礼貌询问并说明不确定点","full_scope","pending","","","pending","pending","pending","W1",""
"K098","U33","whether/if/wh","3","CGEL-11","C15;C16","礼貌询问并说明不确定点","full_scope","pending","","","pending","pending","pending","W1",""
"K099","U33","主语wh与层级提问","3","CGEL-11","C15;C16","礼貌询问并说明不确定点","full_scope","pending","","","pending","pending","pending","W1",""
"K100","U34","直接间接引语","3","CGEL-11;CGEL-17","C15;C16","转述老师意见并保留态度时间","full_scope","pending","","","pending","pending","pending","W1",""
"K101","U34","回溯时态和例外","3","CGEL-11;CGEL-17","C15;C16","转述老师意见并保留态度时间","full_scope","pending","","","pending","pending","pending","W1",""
"K102","U34","报告动词及指代变化","3","CGEL-11;CGEL-17","C15;C16","转述老师意见并保留态度时间","full_scope","pending","","","pending","pending","pending","W1",""
"K103","U35","名词补足与同位","3","CGEL-5;CGEL-11;CGEL-15","C15;C18","区分观点的内容与哪个观点","full_scope","pending","","","pending","pending","pending","W1",""
"K104","U35","内容that与关系that","3","CGEL-5;CGEL-11;CGEL-15","C15;C18","区分观点的内容与哪个观点","full_scope","pending","","","pending","pending","pending","W1",""
"K105","U35","补充说明和标点","3","CGEL-5;CGEL-11;CGEL-15","C15;C18","区分观点的内容与哪个观点","full_scope","pending","","","pending","pending","pending","W1",""
"K106","U36","修饰对象和空位","3","CGEL-12","C15","准确指认参与者和作品","full_scope","pending","","","pending","pending","pending","W1",""
"K107","U36","who/which/that","3","CGEL-12","C15","准确指认参与者和作品","full_scope","pending","","","pending","pending","pending","W1",""
"K108","U36","主语宾语关系","3","CGEL-12","C15","准确指认参与者和作品","full_scope","pending","","","pending","pending","pending","W1",""
"K109","U37","where/when/why","4","CGEL-12","C15","说明时间地点工具和所属","full_scope","pending","","","pending","pending","pending","W1",""
"K110","U37","介词前置滞留","4","CGEL-12","C15","说明时间地点工具和所属","full_scope","pending","","","pending","pending","pending","W1",""
"K111","U37","whose所属","4","CGEL-12","C15","说明时间地点工具和所属","full_scope","pending","","","pending","pending","pending","W1",""
"K112","U38","限制与非限制","4","CGEL-12;CGEL-15;CGEL-20","C15","用标点停顿区分筛选和补充","full_scope","pending","","","pending","pending","pending","W1",""
"K113","U38","关系词省略","4","CGEL-12;CGEL-15;CGEL-20","C15","用标点停顿区分筛选和补充","full_scope","pending","","","pending","pending","pending","W1",""
"K114","U38","整句which","4","CGEL-12;CGEL-15;CGEL-20","C15","用标点停顿区分筛选和补充","full_scope","pending","","","pending","pending","pending","W1",""
"K115","U39","嵌套及依赖距离","4","CGEL-12;CGEL-14","C15;C18","复杂修饰中保持主线","first_path","partial_draft","O-K115-01;O-K115-02;O-K115-03","17:G1;17:G2;17:G3;17:T","partial_claim_checked","draft_in_18","draft_unvalidated","W1","首批3条目标见17；材料见18；父组未完成细则对账/音频/人审/试学，不能标verified。"
"K116","U39","融合关系what/whatever","4","CGEL-12;CGEL-14","C15;C18","复杂修饰中保持主线","full_scope","pending","","","pending","pending","pending","W1",""
"K117","U39","非限定关系与长距离空位","4","CGEL-12;CGEL-14","C15;C18","复杂修饰中保持主线","full_scope","pending","","","pending","pending","pending","W1",""
"K118","U40","when/while/as","4","CGEL-8","C15","复述先后同时与截止边界","full_scope","pending","","","pending","pending","pending","W1",""
"K119","U40","before/after/until/since","4","CGEL-8","C15","复述先后同时与截止边界","full_scope","pending","","","pending","pending","pending","W1",""
"K120","U40","未来时间从句及省略","4","CGEL-8","C15","复述先后同时与截止边界","full_scope","pending","","","pending","pending","pending","W1",""
"K121","U41","原因及证据","4","CGEL-8","C15","解释设计决策并区分意图和结果","full_scope","pending","","","pending","pending","pending","W1",""
"K122","U41","目的","4","CGEL-8","C15","解释设计决策并区分意图和结果","full_scope","pending","","","pending","pending","pending","W1",""
"K123","U41","结果与程度","4","CGEL-8","C15","解释设计决策并区分意图和结果","full_scope","pending","","","pending","pending","pending","W1",""
"K124","U42","事实与开放未来条件","4","CGEL-8;CGEL-3","C17","说明方案条件与备选","full_scope","pending","","","pending","pending","pending","W1",""
"K125","U42","unless/provided/as long as","4","CGEL-8;CGEL-3","C17","说明方案条件与备选","full_scope","pending","","","pending","pending","pending","W1",""
"K126","U42","条件与时间及是否","4","CGEL-8;CGEL-3","C17","说明方案条件与备选","full_scope","pending","","","pending","pending","pending","W1",""
"K127","U43","现在未来遥远假设","4","CGEL-3;CGEL-8","C17","比较未采用方案及后果","full_scope","pending","","","pending","pending","pending","W1",""
"K128","U43","过去反事实","4","CGEL-3;CGEL-8","C17","比较未采用方案及后果","full_scope","pending","","","pending","pending","pending","W1",""
"K129","U43","混合时间及隐含条件","4","CGEL-3;CGEL-8","C17","比较未采用方案及后果","full_scope","pending","","","pending","pending","pending","W1",""
"K130","U44","wish/hope/if only","4","CGEL-3;CGEL-11","C17","区分希望遗憾正式要求","full_scope","pending","","","pending","pending","pending","W1",""
"K131","U44","would rather/it's time/as if","4","CGEL-3;CGEL-11","C17","区分希望遗憾正式要求","full_scope","pending","","","pending","pending","pending","W1",""
"K132","U44","建议型原形及公式祝愿","4","CGEL-3;CGEL-11","C17","区分希望遗憾正式要求","full_scope","pending","","","pending","pending","pending","W1",""
"K133","U45","although/though/even though","4","CGEL-8","C15","回应质疑并保留适用条件","full_scope","pending","","","pending","pending","pending","W1",""
"K134","U45","even if","4","CGEL-8","C15","回应质疑并保留适用条件","full_scope","pending","","","pending","pending","pending","W1",""
"K135","U45","despite及让步前置","4","CGEL-8","C15","回应质疑并保留适用条件","full_scope","pending","","","pending","pending","pending","W1",""
"K136","U46","as/like/as if","4","CGEL-7;CGEL-8;CGEL-13","C15","对比交互方式并限制类比","full_scope","pending","","","pending","pending","pending","W1",""
"K137","U46","whereas/while对照","4","CGEL-7;CGEL-8;CGEL-13","C15","对比交互方式并限制类比","full_scope","pending","","","pending","pending","pending","W1",""
"K138","U46","比例与the more…the more","4","CGEL-7;CGEL-8;CGEL-13","C15","对比交互方式并限制类比","full_scope","pending","","","pending","pending","pending","W1",""
"K139","U47","比较最高级与修饰","4","CGEL-6;CGEL-13","C07;C09;C18","按一致标准比较方案","full_scope","pending","","","pending","pending","pending","W1",""
"K140","U47","as/than及数量比较","4","CGEL-6;CGEL-13","C07;C09;C18","按一致标准比较方案","full_scope","pending","","","pending","pending","pending","W1",""
"K141","U47","比较省略平行和歧义","4","CGEL-6;CGEL-13","C07;C09;C18","按一致标准比较方案","full_scope","pending","","","pending","pending","pending","W1",""
"K142","U48","not all与all…not","4","CGEL-9","C13","不把结论在复述中反转","full_scope","pending","","","pending","pending","pending","W1",""
"K143","U48","never/hardly和极性","4","CGEL-9","C13","不把结论在复述中反转","full_scope","pending","","","pending","pending","pending","W1",""
"K144","U48","否定提升对比与歧义","4","CGEL-9","C13","不把结论在复述中反转","full_scope","pending","","","pending","pending","pending","W1",""
"K145","U49","话题焦点新旧","5","CGEL-16","C12;C14;C16","按问答背景组织同一事实","full_scope","pending","","","pending","pending","pending","W1",""
"K146","U49","句末重心与长成分","5","CGEL-16","C12;C14;C16","按问答背景组织同一事实","full_scope","pending","","","pending","pending","pending","W1",""
"K147","U49","语序和重音","5","CGEL-16","C12;C14;C16","按问答背景组织同一事实","full_scope","pending","","","pending","pending","pending","W1",""
"K148","U50","存在与地点there","5","CGEL-4;CGEL-16","C16","介绍问题评估困难并分清指代","full_scope","pending","","","pending","pending","pending","W1",""
"K149","U50","天气时间形式it","5","CGEL-4;CGEL-16","C16","介绍问题评估困难并分清指代","full_scope","pending","","","pending","pending","pending","W1",""
"K150","U50","外置和预备宾语it","5","CGEL-4;CGEL-16","C16","介绍问题评估困难并分清指代","full_scope","pending","","","pending","pending","pending","W1",""
"K151","U51","否定与only状语","5","CGEL-16","C16","理解变式并避免滥用倒装","full_scope","pending","","","pending","pending","pending","W1",""
"K152","U51","地点方向引语倒装","5","CGEL-16","C16","理解变式并避免滥用倒装","full_scope","pending","","","pending","pending","pending","W1",""
"K153","U51","条件倒装和so/neither","5","CGEL-16","C16","理解变式并避免滥用倒装","full_scope","pending","","","pending","pending","pending","W1",""
"K154","U52","it分裂句","5","CGEL-16","C16","纠正误解并指出真正分歧","full_scope","pending","","","pending","pending","pending","W1",""
"K155","U52","wh伪分裂","5","CGEL-16","C16","纠正误解并指出真正分歧","full_scope","pending","","","pending","pending","pending","W1",""
"K156","U52","前后话题与强调do","5","CGEL-16","C16","纠正误解并指出真正分歧","full_scope","pending","","","pending","pending","pending","W1",""
"K157","U53","助动词和to后省略","5","CGEL-15;CGEL-17","C18","按上下文还原而不臆造内容","full_scope","pending","","","pending","pending","pending","W1",""
"K158","U53","协调及比较缺省","5","CGEL-15;CGEL-17","C18","按上下文还原而不臆造内容","full_scope","pending","","","pending","pending","pending","W1",""
"K159","U53","片段回答与恢复条件","5","CGEL-15;CGEL-17","C18","按上下文还原而不臆造内容","full_scope","pending","","","pending","pending","pending","W1",""
"K160","U54","one/do so/so/not替代","5","CGEL-17","C18","追踪多方对话并澄清模糊指代","full_scope","pending","","","pending","pending","pending","W1",""
"K161","U54","跨句前指与歧义","5","CGEL-17","C18","追踪多方对话并澄清模糊指代","full_scope","pending","","","pending","pending","pending","W1",""
"K162","U54","时间地点人称视角","5","CGEL-17","C18","追踪多方对话并澄清模糊指代","full_scope","pending","","","pending","pending","pending","W1",""
"K163","U55","动作名词化与施受隐藏","5","CGEL-5;CGEL-14;CGEL-19","C18","读懂密集表达并写清楚摘要","full_scope","pending","","","pending","pending","pending","W1",""
"K164","U55","补足与名词串","5","CGEL-5;CGEL-14;CGEL-19","C18","读懂密集表达并写清楚摘要","full_scope","pending","","","pending","pending","pending","W1",""
"K165","U55","压缩展开和可读性","5","CGEL-5;CGEL-14;CGEL-19","C18","读懂密集表达并写清楚摘要","full_scope","pending","","","pending","pending","pending","W1",""
"K166","U56","层叠修饰和附着","5","CGEL-5;CGEL-6","C08;C12;C15","找到复杂主语中心与各层修饰","full_scope","pending","","","pending","pending","pending","W1",""
"K167","U56","属格of与双重属格","5","CGEL-5;CGEL-6","C08;C12;C15","找到复杂主语中心与各层修饰","full_scope","pending","","","pending","pending","pending","W1",""
"K168","U56","限定组合中心省略和名词化形容词","5","CGEL-5;CGEL-6","C08;C12;C15","找到复杂主语中心与各层修饰","full_scope","pending","","","pending","pending","pending","W1",""
"K169","U57","长距离一致与干扰","5","CGEL-5;CGEL-18","C07;C09","区别自然变体和实际错误","full_scope","pending","","","pending","pending","pending","W1",""
"K170","U57","集合和意义一致","5","CGEL-5;CGEL-18","C07;C09","区别自然变体和实际错误","full_scope","pending","","","pending","pending","pending","W1",""
"K171","U57","并列存现比例及变体","5","CGEL-5;CGEL-18","C07;C09","区别自然变体和实际错误","full_scope","pending","","","pending","pending","pending","W1",""
"K172","U58","屈折派生转换复合","5","CGEL-18;CGEL-19","C03;C04;C05;C09","推测后核对用法","full_scope","pending","","","pending","pending","pending","W1",""
"K173","U58","词缀重音及限制","5","CGEL-18;CGEL-19","C03;C04;C05;C09","推测后核对用法","full_scope","pending","","","pending","pending","pending","W1",""
"K174","U58","多义同形异义和词源证据","5","CGEL-18;CGEL-19","C03;C04;C05;C09","推测后核对用法","full_scope","pending","","","pending","pending","pending","W1",""
"K175","U59","句界和逗号拼接","5","CGEL-20","C09;C12","编辑邮件与项目文本","full_scope","pending","","","pending","pending","pending","W1",""
"K176","U59","分号冒号破折号引语","5","CGEL-20","C09;C12","编辑邮件与项目文本","full_scope","pending","","","pending","pending","pending","W1",""
"K177","U59","大小写撇号拼写连字符","5","CGEL-20","C09;C12","编辑邮件与项目文本","full_scope","pending","","","pending","pending","pending","W1",""
"K178","U60","口语书面正式程度","5","VAR","C17;C18","向同学导师分别表达同一要求","full_scope","pending","","","pending","pending","pending","W1",""
"K179","U60","美英差异及可接受变体","5","VAR","C17;C18","向同学导师分别表达同一要求","full_scope","pending","","","pending","pending","pending","W1",""
"K180","U60","话语标记与口语片段","5","VAR","C17;C18","向同学导师分别表达同一要求","full_scope","pending","","","pending","pending","pending","W1",""
"K181","U61","声音语境整块意义","1","LEX","C03;C05;C06","在新场景脱稿调用并调整语块","full_scope","pending","","","pending","pending","pending","W1",""
"K182","U61","固定和可替换槽位","1","LEX","C03;C05;C06","在新场景脱稿调用并调整语块","full_scope","pending","","","pending","pending","pending","W1",""
"K183","U61","搭配小品词习语与检索","1","LEX","C03;C05;C06","在新场景脱稿调用并调整语块","full_scope","pending","","","pending","pending","pending","W1",""
"K184","U62","讲授信号和证据","4","CEFR","C02;C15","复述新讲授的论点证据限制","first_path","partial_draft","O-K184-01;O-K184-02;O-K184-03","17:G3;17:G4;17:C1","partial_claim_checked","draft_in_18","draft_unvalidated","W1","首批3条目标见17；材料见18；父组未完成细则对账/音频/人审/试学，不能标verified。"
"K185","U62","关系笔记","4","CEFR","C02;C15","复述新讲授的论点证据限制","full_scope","pending","","","pending","pending","pending","W1",""
"K186","U62","漏听恢复及缺口诊断","4","CEFR","C02;C15","复述新讲授的论点证据限制","full_scope","pending","","","pending","pending","pending","W1",""
"K187","U63","长句和指代链","4","CEFR","C15","解释作者究竟支持什么","full_scope","pending","","","pending","pending","pending","W1",""
"K188","U63","段落论证与隐含关系","4","CEFR","C15","解释作者究竟支持什么","full_scope","pending","","","pending","pending","pending","W1",""
"K189","U63","速度推断和查证","4","CEFR","C15","解释作者究竟支持什么","full_scope","pending","","","pending","pending","pending","W1",""
"K190","U64","无原稿检索释义","3","CEFR","C12;C15","脱稿介绍作品并补充理由","first_path","partial_draft","O-K190-01;O-K190-02;O-K190-03","17:C1;17:T","partial_claim_checked","draft_in_18","draft_unvalidated","W1","首批3条目标见17；材料见18；父组未完成细则对账/音频/人审/试学，不能标verified。"
"K191","U64","步骤理由例子","3","CEFR","C12;C15","脱稿介绍作品并补充理由","full_scope","pending","","","pending","pending","pending","W1",""
"K192","U64","语音分组停顿修正","3","CEFR","C12;C15","脱稿介绍作品并补充理由","full_scope","pending","","","pending","pending","pending","W1",""
"K193","U65","轮次与插话","4","CEFR","C17","共同解决有信息差的任务","full_scope","pending","","","pending","pending","pending","W1",""
"K194","U65","回应异议追问","4","CEFR","C17","共同解决有信息差的任务","first_path","partial_draft","O-K194-01;O-K194-02;O-K194-03","17:C1;17:G4","partial_claim_checked","draft_in_18","draft_unvalidated","W1","首批3条目标见17；材料见18；父组未完成细则对账/音频/人审/试学，不能标verified。"
"K195","U65","复述确认协商","4","CEFR","C17","共同解决有信息差的任务","full_scope","pending","","","pending","pending","pending","W1",""
"K196","U66","主题展开","3","CEFR","C12;C15","修改后在新题中独立写一段","full_scope","pending","","","pending","pending","pending","W1",""
"K197","U66","例证理由限制","3","CEFR","C12;C15","修改后在新题中独立写一段","full_scope","pending","","","pending","pending","pending","W1",""
"K198","U66","改写摘要和保留立场","3","CEFR","C12;C15","修改后在新题中独立写一段","full_scope","pending","","","pending","pending","pending","W1",""
"K199","U67","摘要陈述邮件","5","CEFR","C15;C18","形成短项目提案","full_scope","pending","","","pending","pending","pending","W1",""
"K200","U67","来源归属引用转述","5","CEFR","C15;C18","形成短项目提案","full_scope","pending","","","pending","pending","pending","W1",""
"K201","U67","论证强度修订和读者","5","CEFR","C15;C18","形成短项目提案","full_scope","pending","","","pending","pending","pending","W1",""
"K202","U68","信息询问和限制","2","CEFR","C02;C12;C17","完成预约或开户模拟对话","full_scope","pending","","","pending","pending","pending","W1",""
"K203","U68","数字日期姓名拼读","2","CEFR","C02;C12;C17","完成预约或开户模拟对话","full_scope","pending","","","pending","pending","pending","W1",""
"K204","U68","局部澄清确认行动","2","CEFR","C02;C12;C17","完成预约或开户模拟对话","full_scope","pending","","","pending","pending","pending","W1",""
"K205","U69","经历动机","5","CEFR","C17","脱稿解释作品和选择","full_scope","pending","","","pending","pending","pending","W1",""
"K206","U69","即时追问和未知问题","5","CEFR","C17","脱稿解释作品和选择","full_scope","pending","","","pending","pending","pending","W1",""
"K207","U69","表达限制回问修正","5","CEFR","C17","脱稿解释作品和选择","full_scope","pending","","","pending","pending","pending","W1",""
"K208","U70","预设隐含和语境","5","VAR;CEFR","C05;C17","区分事实暗示与猜测","full_scope","pending","","","pending","pending","pending","W1",""
"K209","U70","委婉幽默语调","5","VAR;CEFR","C05;C17","区分事实暗示与猜测","full_scope","pending","","","pending","pending","pending","W1",""
"K210","U70","特殊固定结构和语用","5","VAR;CEFR","C05;C17","区分事实暗示与猜测","full_scope","pending","","","pending","pending","pending","W1",""
"K211","U71","跨来源综合与中介","6","CEFR","C01;C15;C17;C18","听读新材料讨论写提案并回答质疑","full_scope","pending","","","pending","pending","pending","W1",""
"K212","U71","定义问题证据取舍","6","CEFR","C01;C15;C17;C18","听读新材料讨论写提案并回答质疑","full_scope","pending","","","pending","pending","pending","W1",""
"K213","U71","听说读写和突发变化","6","CEFR","C01;C15;C17;C18","听读新材料讨论写提案并回答质疑","full_scope","pending","","","pending","pending","pending","W1",""
"K214","U72","低频高级结构与变体","6","ALL","C01;C18","完成全范围审计并持续拓展","full_scope","pending","","","pending","pending","pending","W1",""
"K215","U72","分领域长期迁移","6","ALL","C01;C18","完成全范围审计并持续拓展","full_scope","pending","","","pending","pending","pending","W1",""
"K216","U72","真实材料新增知识","6","ALL","C01;C18","完成全范围审计并持续拓展","full_scope","pending","","","pending","pending","pending","W1",""
